{"mean": [0.4547998799182669, 0.4415182592022312, 0.9595305191598152, 28.690716907314332, 0.46599459632201273, 0.04491444176520148, 0.10330418446103638, 0.7330796122522104, 0.6123054724344634, 0.7943890841831053, 0.060922111501699544, 0.9461762683633054, 0.09317955124294278, 2.6017014806852408, 3.5160028277311333, 4.675391960334292, 0.1857296417884431, 0.4388067361978637, 8.085577602819983, 4.979489265274106, 5.889093867116005], "scale": [0.4979527579445635, 0.49656810811132707, 0.1970576107657623, 6.792484794042833, 0.4988422922334243, 0.2071162347236976, 0.30435576211709303, 0.44235042031443733, 0.4872242613635655, 0.40414733342412706, 0.2391873906205635, 0.22566953172591936, 0.2906838875361113, 1.0647099169837158, 7.722029189697131, 9.041121281972233, 0.38888834123637556, 0.4962412563111235, 3.0952313627831796, 0.9930252599128613, 2.092633034570211]}